<?xml version="1.0" encoding="UTF-8" standalone="yes"?>
<addon id="repository.infoboxrepo" name="INFOBOXREPO" version="1.1" provider-name="infobox01">
    <extension point="xbmc.addon.repository" name="Nome Repository">
        <dir>
            <info compressed="false">https://raw.githubusercontent.com/infobox01/infoboxrepo/master/zips/addons.xml</info>
            <checksum>https://raw.githubusercontent.com/infobox01/infoboxrepo/master/zips/addons.xml.md5</checksum>
            <datadir zip="true">https://raw.githubusercontent.com/infobox01/infoboxrepo/NOME_DO_REPOSITORIO_AQUI/master/zips/</datadir>
        </dir>
    </extension>
    <extension point="xbmc.addon.metadata">
        <summary>REPO DA INFOBOX</summary>
        <description>repositorio criado para testes e criações</description>
        <disclaimer></disclaimer>
        <platform>all</platform>
        <assets>
            <icon>icon.png</icon>
            <fanart>fanart.jpg</fanart>
        </assets>
    </extension>
</addon>